City_ID,City,Country,Lat,Lng,Max Temp,Humidity,Cloudiness,Wind Speed,Weather Description
0,Hasaki,JP,35.7333,140.8333,39.22,59,99,16.58,overcast clouds
1,Omsukchan,RU,62.5333,155.8,-31.79,94,100,5.53,overcast clouds
2,Punta Arenas,CL,-53.15,-70.9167,66.31,52,0,19.57,clear sky
3,Puerto Ayora,EC,-0.7393,-90.3518,76.55,92,90,4.0,overcast clouds
4,Hobart,AU,-42.8794,147.3294,61.05,55,75,13.8,broken clouds
5,Sitka,US,57.0531,-135.33,39.09,75,100,13.8,light rain
6,New Norfolk,AU,-42.7826,147.0587,60.71,48,42,4.0,scattered clouds
7,Nikolskoye,RU,59.7035,30.7861,33.8,98,100,9.22,light snow
8,Rikitea,PF,-23.1203,-134.9692,77.99,70,75,3.18,broken clouds
9,Ushuaia,AR,-54.8,-68.3,64.36,64,78,3.74,broken clouds
10,Mataura,NZ,-46.1927,168.8643,74.98,43,8,2.59,clear sky
11,Marsa Matruh,EG,31.3525,27.2453,58.26,64,0,9.69,clear sky
12,Merauke,ID,-8.4667,140.3333,83.14,76,100,16.71,overcast clouds
13,Lasa,IT,46.6166,10.7002,30.02,92,92,6.4,overcast clouds
14,Wiang Sa,TH,8.6359,99.3666,70.41,92,57,2.64,broken clouds
15,Pevek,RU,69.7008,170.3133,-29.88,100,100,6.06,overcast clouds
16,Ribeira Grande,PT,38.5167,-28.7,53.78,86,11,4.0,few clouds
17,Busselton,AU,-33.65,115.3333,62.67,64,9,15.99,clear sky
18,Chokurdakh,RU,70.6333,147.9167,-34.35,100,22,6.49,few clouds
19,Barrow,US,71.2906,-156.7887,-2.18,78,100,20.71,overcast clouds
20,Fort Nelson,CA,58.8053,-122.7002,8.94,89,99,0.65,overcast clouds
21,Isangel,VU,-19.55,169.2667,79.12,92,100,5.88,heavy intensity rain
22,Hermanus,ZA,-34.4187,19.2345,68.81,88,32,4.52,scattered clouds
23,Kysyl-Syr,RU,63.8986,122.7617,-61.02,99,69,4.43,broken clouds
24,Gizo,SB,-8.103,156.8419,83.86,76,94,17.49,light rain
25,Ulladulla,AU,-35.35,150.4667,58.95,84,100,13.94,overcast clouds
26,Kachug,RU,53.9606,105.8817,-35.39,98,78,2.26,broken clouds
27,Dingle,PH,10.9995,122.6711,74.68,95,100,7.25,overcast clouds
28,Sakhnovshchyna,UA,49.1517,35.872,42.15,83,98,18.23,overcast clouds
29,Cape Town,ZA,-33.9258,18.4232,69.1,81,33,1.01,scattered clouds
30,Torbay,CA,47.6666,-52.7314,41.58,91,100,3.0,overcast clouds
31,Butaritari,KI,3.0707,172.7902,80.69,79,8,14.52,light rain
32,Teya,RU,60.3778,92.6267,-23.33,97,100,1.9,overcast clouds
33,Valdivia,CL,-39.8142,-73.2459,84.29,43,64,4.07,broken clouds
34,Saskylakh,RU,71.9167,114.0833,-36.15,100,55,3.02,broken clouds
35,Mbeya,TZ,-8.9,33.45,58.89,97,100,1.86,light rain
36,Mehamn,NO,71.0357,27.8492,28.31,86,75,11.5,broken clouds
37,Ketchikan,US,55.3422,-131.6461,39.67,87,75,9.22,light rain
38,Newport,GB,51.5877,-2.9984,37.81,91,12,11.72,few clouds
39,Mataram,ID,-8.5833,116.1167,76.01,86,100,2.06,overcast clouds
40,Vestmannaeyjar,IS,63.4427,-20.2734,24.98,74,12,19.93,few clouds
41,Atuona,PF,-9.8,-139.0333,77.95,79,27,18.16,light rain
42,Sorland,NO,67.667,12.6934,35.46,70,100,8.72,overcast clouds
43,Jamestown,US,42.097,-79.2353,35.24,60,100,6.91,mist
44,Tasiilaq,GL,65.6145,-37.6368,6.96,81,100,5.55,overcast clouds
45,Leningradskiy,RU,69.3833,178.4167,-20.42,98,100,23.22,light snow
46,Savinka,RU,50.0785,47.0994,19.31,92,8,9.93,clear sky
47,Ibra,OM,22.6906,58.5334,63.91,77,81,3.18,broken clouds
48,Albany,US,42.6001,-73.9662,40.68,82,100,1.99,overcast clouds
49,Lebu,CL,-37.6167,-73.65,62.53,73,1,8.99,clear sky
50,Ilulissat,GL,69.2167,-51.1,-29.96,67,1,5.99,clear sky
51,Bathsheba,BB,13.2167,-59.5167,77.61,73,20,16.11,few clouds
52,Ust-Koksa,RU,50.2696,85.6108,-0.87,96,91,0.43,overcast clouds
53,Hilo,US,19.7297,-155.09,80.33,80,100,13.8,overcast clouds
54,Khatanga,RU,71.9667,102.5,-31.22,100,35,6.89,scattered clouds
55,Yellowknife,CA,62.456,-114.3525,14.29,96,100,9.24,overcast clouds
56,East London,ZA,-33.0153,27.9116,77.7,83,70,16.4,broken clouds
57,Coquimbo,CL,-29.9533,-71.3436,64.13,82,40,13.8,scattered clouds
58,Tuktoyaktuk,CA,69.4541,-133.0374,8.6,85,100,2.3,light snow
59,Katsuura,JP,35.1333,140.3,41.02,72,100,15.79,overcast clouds
60,Colon,PA,9.3592,-79.9014,83.35,88,71,7.85,broken clouds
61,Kajaani,FI,64.2273,27.7285,32.05,93,100,4.61,overcast clouds
62,Airai,TL,-8.9266,125.4092,63.46,89,100,2.17,overcast clouds
63,Palora,EC,-1.7,-77.9333,73.51,96,76,0.78,moderate rain
64,Chuy,UY,-33.6971,-53.4616,71.17,75,60,10.49,broken clouds
65,Taicheng,CN,38.731,113.228,11.44,74,0,7.05,clear sky
66,Lorengau,PG,-2.0226,147.2712,82.83,76,98,7.85,overcast clouds
67,Ko Samui,TH,9.5357,99.9357,78.71,89,20,2.3,few clouds
68,Gimli,CA,50.6336,-96.9907,15.82,86,98,4.61,overcast clouds
69,Ponta Delgada,PT,37.7333,-25.6667,52.52,76,20,5.75,few clouds
70,Aksarka,RU,66.5606,67.7975,11.73,88,94,8.1,overcast clouds
71,Caravelas,BR,-17.7125,-39.2481,75.63,87,9,4.99,clear sky
72,Surt,LY,31.2089,16.5887,61.3,35,44,17.65,scattered clouds
73,Noyabrsk,RU,63.1994,75.4507,2.05,97,87,9.33,overcast clouds
74,Manzini,SZ,-26.25,31.5,69.12,93,61,2.57,broken clouds
75,Praia Da Vitoria,PT,38.7333,-27.0667,52.75,100,0,4.43,clear sky
76,Avarua,CK,-21.2078,-159.775,78.85,89,75,6.91,light rain
77,Bluff,NZ,-46.6,168.3333,62.15,71,24,1.7,few clouds
78,Kaabong,UG,3.4836,34.1492,68.22,33,25,5.93,scattered clouds
79,Cherskiy,RU,68.75,161.3,-43.4,99,100,3.85,overcast clouds
80,Berlevag,NO,70.8578,29.0864,28.35,74,75,13.8,broken clouds
81,Cockburn Town,TC,21.4612,-71.1419,76.12,60,25,17.0,scattered clouds
82,Orlik,RU,52.5178,99.825,-31.41,96,32,2.93,scattered clouds
83,Puerto Madryn,AR,-42.7692,-65.0385,74.19,64,60,20.07,broken clouds
84,Bambous Virieux,MU,-20.3428,57.7575,78.22,94,75,20.71,moderate rain
85,Ankazobe,MG,-18.3167,47.1167,61.29,84,89,14.7,overcast clouds
86,Clyde River,CA,70.4692,-68.5914,-21.77,76,75,4.61,broken clouds
87,Namatanai,PG,-3.6667,152.4333,82.85,74,67,5.59,broken clouds
88,La Tuque,CA,47.4334,-72.7824,32.25,69,97,11.5,overcast clouds
89,Batsfjord,NO,70.6345,29.7185,28.33,93,100,27.63,overcast clouds
90,Borogontsy,RU,62.6683,131.1683,-57.82,100,99,2.59,overcast clouds
91,Urumqi,CN,43.801,87.6005,-10.25,84,75,2.24,fog
92,Saint-Philippe,RE,-21.3585,55.7679,76.12,90,100,13.85,moderate rain
93,Joensuu,FI,62.6012,29.7632,32.49,100,100,5.75,light snow
94,Monrovia,LR,6.3005,-10.7969,74.97,89,99,8.14,overcast clouds
95,Dolores,AR,-36.3132,-57.6792,72.73,71,100,14.94,overcast clouds
96,Talhar,PK,24.8833,68.8167,57.63,19,79,9.89,broken clouds
97,Nisia Floresta,BR,-6.0911,-35.2086,74.21,86,70,7.76,broken clouds
98,Comodoro Rivadavia,AR,-45.8667,-67.5,73.63,61,4,4.7,clear sky
99,Khangarh,PK,29.9173,71.1618,50.07,39,59,7.74,broken clouds
100,Meulaboh,ID,4.1363,96.1285,72.27,83,90,3.53,overcast clouds
101,Tuatapere,NZ,-46.1333,167.6833,71.58,48,36,0.98,scattered clouds
102,Maragogi,BR,-9.0122,-35.2225,77.14,84,24,9.1,few clouds
103,Upernavik,GL,72.7868,-56.1549,-17.25,75,100,5.01,overcast clouds
104,Talavera,PH,15.6167,120.9333,72.12,85,27,4.34,scattered clouds
105,Port Elizabeth,ZA,-33.918,25.5701,79.11,85,100,4.72,overcast clouds
106,Yumen,CN,40.2833,97.2,7.86,70,46,16.02,scattered clouds
107,Port Hawkesbury,CA,45.6169,-61.3485,41.04,93,100,4.61,overcast clouds
108,Itoman,JP,26.1247,127.6694,60.82,66,40,11.5,scattered clouds
109,Kemin,KG,42.7846,75.6892,20.88,63,0,8.61,clear sky
110,Vaini,TO,-21.2,-175.2,86.16,74,75,8.05,broken clouds
111,Ngunguru,NZ,-35.6167,174.5,72.61,61,6,3.56,clear sky
112,Santa Cruz,BO,-17.8,-63.1667,87.85,58,75,5.75,broken clouds
113,Inuvik,CA,68.3499,-133.7218,3.96,85,100,2.3,light snow
114,Bundaberg,AU,-24.85,152.35,82.22,65,22,3.0,few clouds
115,Kralendijk,BQ,12.15,-68.2667,76.98,88,20,8.05,few clouds
116,Durban,ZA,-29.8579,31.0292,79.92,93,53,4.0,broken clouds
117,Tual,ID,-5.6667,132.75,83.3,74,99,16.31,overcast clouds
118,Hamilton,US,39.1834,-84.5333,45.07,85,100,12.66,overcast clouds
119,Bengkulu,ID,-3.8004,102.2655,74.25,90,84,3.91,broken clouds
120,Castro,BR,-24.7911,-50.0119,62.35,93,92,3.94,moderate rain
121,Port Hardy,CA,50.6996,-127.4199,39.38,93,75,8.05,light rain
122,Yanam,IN,16.7333,82.2167,64.06,95,44,2.59,scattered clouds
123,Henties Bay,NA,-22.116,14.2845,66.74,83,49,9.26,scattered clouds
124,Atar,MR,20.5169,-13.0499,66.27,35,0,8.72,clear sky
125,Qaanaaq,GL,77.484,-69.3632,-19.82,95,100,4.5,overcast clouds
126,Kodiak,US,57.79,-152.4072,27.91,80,75,3.44,broken clouds
127,Singkang,MY,2.1006,102.7994,70.39,96,84,3.69,broken clouds
128,Kapaa,US,22.0752,-159.319,80.92,70,20,8.05,few clouds
129,Huarmey,PE,-10.0681,-78.1522,72.5,74,79,9.84,broken clouds
130,Sambava,MG,-14.2667,50.1667,76.55,93,100,35.75,moderate rain
131,Muskegon,US,43.3,-86.1334,37.26,83,100,4.61,overcast clouds
132,Ajaccio,FR,42.0,8.9167,44.65,93,75,5.75,broken clouds
133,Okakarara,NA,-20.5833,17.4333,69.87,75,95,11.59,light rain
134,Ponta Do Sol,PT,32.6667,-17.1,61.43,69,54,10.74,broken clouds
135,Ahipara,NZ,-35.1667,173.1667,71.76,63,4,6.89,clear sky
136,Black Diamond,US,47.3087,-122.0032,42.94,84,100,1.99,overcast clouds
137,Bredasdorp,ZA,-34.5322,20.0403,70.09,79,42,5.57,scattered clouds
138,Barcelona,ES,41.3888,2.159,45.86,60,20,12.66,few clouds
139,Forestville,US,38.8451,-76.875,50.63,65,0,6.91,clear sky
140,Caruray,PH,10.3094,119.0128,77.76,89,71,7.4,broken clouds
141,Revda,RU,56.801,59.9303,12.76,70,100,7.4,overcast clouds
142,Magrath,CA,49.4167,-112.8686,41.14,56,30,14.97,scattered clouds
143,Aksehir,TR,38.3575,31.4164,40.87,86,0,6.22,clear sky
144,Aden,YE,12.7794,45.0367,75.36,72,86,8.39,overcast clouds
145,Dakoro,NE,14.5106,6.765,65.89,19,0,10.56,clear sky
146,Ocean City,US,39.2776,-74.5746,49.1,64,18,5.01,few clouds
147,Zhigalovo,RU,54.8097,105.1578,-42.9,100,84,1.28,broken clouds
148,Sobolevo,RU,54.4299,31.8996,39.61,98,100,20.11,overcast clouds
149,Mount Isa,AU,-20.7333,139.5,85.77,45,2,6.91,clear sky
150,Souillac,MU,-20.5167,57.5167,77.38,94,75,20.71,light rain
151,Halifax,CA,44.6453,-63.5724,40.44,93,40,9.22,scattered clouds
152,Yunyang,CN,33.4474,112.7142,34.74,49,86,2.33,overcast clouds
153,Urusha,RU,54.05,122.9,-22.43,98,100,1.92,overcast clouds
154,Georgetown,MY,5.4112,100.3354,78.73,80,20,5.75,few clouds
155,North Bend,US,43.4065,-124.2243,47.07,99,100,9.22,overcast clouds
156,San Patricio,US,28.017,-97.5169,82.49,31,47,10.2,scattered clouds
157,Ornskoldsvik,SE,63.2909,18.7153,32.95,100,100,4.61,overcast clouds
158,Alugan,PH,12.2188,125.4808,78.73,86,100,11.48,overcast clouds
159,San Andres,CO,12.5847,-81.7006,82.42,74,20,6.91,few clouds
160,Severo-Kurilsk,RU,50.6789,156.125,16.02,60,100,27.38,light snow
161,Narsaq,GL,60.9167,-46.05,35.82,82,100,7.94,overcast clouds
162,Saint-Joseph,RE,-21.3667,55.6167,75.11,87,100,13.65,light rain
163,Rio Grande,BR,-32.035,-52.0986,75.31,75,35,15.59,scattered clouds
164,Sao Filipe,CV,14.8961,-24.4956,75.02,68,1,14.88,clear sky
165,Pangnirtung,CA,66.1451,-65.7125,-11.2,53,0,0.0,clear sky
166,Yamada,JP,39.4667,141.95,30.61,58,5,2.71,clear sky
167,Solnechnyy,RU,50.7214,136.6319,-16.71,98,100,1.19,overcast clouds
168,Balkanabat,TM,39.5108,54.3671,33.67,53,23,1.86,few clouds
169,General Pico,AR,-35.6566,-63.7568,89.85,32,61,16.4,broken clouds
170,Joshimath,IN,30.5667,79.5667,42.67,57,100,3.29,overcast clouds
171,Port Alfred,ZA,-33.5906,26.891,75.18,78,100,1.01,overcast clouds
172,Parana,AR,-31.732,-60.5238,86.56,56,89,10.76,overcast clouds
173,Lavrentiya,RU,65.5833,-171.0,-21.68,92,14,7.63,few clouds
174,Verkhoyansk,RU,67.5447,133.385,-47.29,99,98,1.45,overcast clouds
175,Sur,OM,22.5667,59.5289,71.56,77,89,12.53,overcast clouds
176,Brattvag,NO,62.6002,6.4434,37.06,87,75,11.5,light snow
177,Cayenne,GF,4.9333,-52.3333,73.44,94,75,3.44,light rain
178,Cartagena,CO,10.3997,-75.5144,83.82,65,20,6.91,few clouds
179,Bacalar,MX,18.6667,-88.3833,80.71,78,20,11.5,few clouds
180,Pitimbu,BR,-7.4706,-34.8086,75.79,84,78,10.47,broken clouds
181,Fairbanks,US,64.8378,-147.7164,-9.9,77,20,0.0,mist
182,Belyy Yar,RU,53.6039,91.3903,5.86,82,40,0.0,light shower snow
183,Quelimane,MZ,-17.8786,36.8883,78.75,89,20,3.44,few clouds
184,Qaqortoq,GL,60.7167,-46.0333,26.13,76,100,7.14,overcast clouds
185,Khani,GE,41.9563,42.9566,35.17,64,61,6.64,broken clouds
186,Bogorodskoye,RU,56.55,37.8833,31.44,89,99,19.91,overcast clouds
187,Dikson,RU,73.5069,80.5464,-20.45,83,100,5.75,overcast clouds
188,Mahebourg,MU,-20.4081,57.7,78.26,94,75,20.71,moderate rain
189,Uddevalla,SE,58.3478,11.9424,36.07,93,87,5.95,overcast clouds
190,Banda Aceh,ID,5.5577,95.3222,75.47,83,100,10.71,overcast clouds
191,Manzhouli,CN,49.6,117.4333,-5.06,93,98,14.67,overcast clouds
192,Jijiga,ET,9.35,42.8,58.01,45,75,9.93,broken clouds
193,Deputatskiy,RU,69.3,139.9,-25.92,100,67,1.39,broken clouds
194,Sao Joao Da Barra,BR,-21.6403,-41.0511,78.89,88,0,11.36,clear sky
195,Puerto Leguizamo,CO,-0.1934,-74.7819,78.19,72,89,2.91,overcast clouds
196,Port Hedland,AU,-20.3167,118.5667,77.05,94,40,6.91,light rain
197,Maraba,BR,-5.3686,-49.1178,73.58,100,75,0.0,thunderstorm with light rain
198,Arraial Do Cabo,BR,-22.9661,-42.0278,76.96,78,0,12.66,clear sky
199,Divnomorskoye,RU,44.5011,38.1353,49.69,66,92,7.61,overcast clouds
200,Nanortalik,GL,60.1432,-45.2371,27.48,78,100,12.93,light snow
201,Kamina,CD,-8.7386,24.9906,61.18,95,38,2.21,scattered clouds
202,Kruisfontein,ZA,-34.0033,24.7314,76.89,62,100,5.17,overcast clouds
203,Tigil,RU,57.8,158.6667,-0.56,98,100,1.81,overcast clouds
204,Cabatuan,PH,10.8794,122.486,74.84,92,100,11.01,overcast clouds
205,Brae,GB,60.3964,-1.353,37.85,69,87,21.16,light rain
206,Codrington,AU,-38.2667,141.9667,58.84,52,100,14.5,overcast clouds
207,Akureyri,IS,65.6835,-18.0878,15.73,92,75,0.0,light snow
208,Hovd,MN,48.0056,91.6419,2.17,70,76,1.88,broken clouds
209,Nome,US,64.5011,-165.4064,-9.33,70,0,8.05,clear sky
210,Griffith,US,41.5284,-87.4237,38.3,80,100,11.5,overcast clouds
211,Srednekolymsk,RU,67.45,153.6833,-28.97,99,100,5.06,overcast clouds
212,Olinda,BR,-8.0089,-34.8553,80.33,74,75,6.91,light rain
213,Kansk,RU,56.2017,95.7175,-23.48,99,97,3.04,overcast clouds
214,Nouakchott,MR,18.0858,-15.9785,71.53,34,3,12.01,clear sky
215,Iqaluit,CA,63.7506,-68.5145,-16.31,68,0,11.5,clear sky
216,Bad Kissingen,DE,50.2,10.0833,26.4,94,51,2.98,broken clouds
217,Fortuna,US,40.5982,-124.1573,45.93,96,75,8.05,moderate rain
218,San Cristobal,VE,7.7669,-72.225,73.58,77,63,1.83,broken clouds
219,Kamenka,RU,51.3223,42.7678,21.07,81,7,14.61,clear sky
220,Quchan,IR,37.106,58.5095,26.17,94,51,2.53,broken clouds
221,Barranca,PE,-10.75,-77.7667,72.09,72,80,9.62,broken clouds
222,Kibre Mengist,ET,5.8833,38.9833,53.17,47,51,3.69,broken clouds
223,Gweta,BW,-20.1833,25.2333,73.31,74,37,9.15,scattered clouds
224,Hambantota,LK,6.1241,81.1185,74.61,65,78,16.08,broken clouds
225,Phaltan,IN,17.9833,74.4333,67.75,38,41,5.59,scattered clouds
226,Dukat,RU,62.55,155.55,-34.24,97,100,5.57,overcast clouds
227,Zhanaozen,KZ,43.3,52.8,26.1,47,38,8.72,scattered clouds
228,Cabo San Lucas,MX,22.8909,-109.9124,74.61,60,20,12.66,few clouds
229,Mora,CM,11.0461,14.1401,68.16,32,29,4.27,scattered clouds
230,Saint-Augustin,CA,51.226,-58.6502,31.86,99,100,2.82,overcast clouds
231,Novyy Urengoy,RU,66.0833,76.6333,-7.87,99,85,6.11,overcast clouds
232,Avera,US,33.194,-82.5271,65.37,86,99,4.92,overcast clouds
233,Morden,CA,49.1919,-98.1014,17.44,92,74,0.0,broken clouds
234,Wattegama,LK,6.7989,81.4808,69.73,70,81,4.23,broken clouds
235,Tiguisan,PH,12.8394,121.4605,75.72,92,97,12.73,light rain
236,Marquette,US,46.5333,-87.6335,29.34,89,100,6.33,overcast clouds
237,Chany,RU,55.3121,76.7647,8.37,95,81,10.18,broken clouds
238,Kaitangata,NZ,-46.2817,169.8464,68.31,66,17,5.99,few clouds
239,Susanville,US,40.4163,-120.653,34.66,79,75,5.01,broken clouds
240,Hithadhoo,MV,-0.6,73.0833,81.18,74,20,6.96,few clouds
241,Tingi,TZ,-11.3,35.0333,61.68,87,97,1.23,overcast clouds
242,Aklavik,CA,68.2191,-135.0107,-4.16,98,100,4.92,light snow
243,Slonim,BY,53.0867,25.3219,37.29,79,100,18.59,overcast clouds
244,Faanui,PF,-16.4833,-151.75,80.65,72,19,14.74,few clouds
245,Mar Del Plata,AR,-38.0023,-57.5575,73.42,90,100,20.0,light rain
246,Queimados,BR,-22.7161,-43.5553,80.58,96,13,3.0,few clouds
247,Carnarvon,AU,-24.8667,113.6333,79.23,70,21,5.1,few clouds
248,Petrinja,HR,45.4375,16.29,41.13,97,100,2.93,overcast clouds
249,Bethel,US,41.3712,-73.414,46.49,68,20,5.75,few clouds
250,Bowen,AU,-20.0167,148.2333,78.26,80,37,14.61,scattered clouds
251,Port Shepstone,ZA,-30.7414,30.455,75.36,92,89,6.42,overcast clouds
252,Alice Springs,AU,-23.7,133.8833,80.15,47,10,13.8,clear sky
253,Raudeberg,NO,61.9875,5.1352,34.95,30,98,12.3,overcast clouds
254,San Quintin,MX,30.4833,-115.95,57.88,55,99,8.72,overcast clouds
255,Rincon,US,32.296,-81.2354,67.96,83,75,5.75,broken clouds
256,Naze,JP,28.3667,129.4833,52.72,62,98,7.52,overcast clouds
257,Terrace,CA,54.5163,-128.6035,37.31,93,75,14.97,broken clouds
258,Pangkalanbuun,ID,-2.6833,111.6167,72.95,98,100,2.39,overcast clouds
259,Luebo,CD,-5.35,21.4167,69.42,86,83,1.41,broken clouds
260,Victoria,HK,22.2855,114.1577,59.25,78,56,8.99,broken clouds
261,Xuanzhou,CN,30.9525,118.7553,34.12,56,15,3.27,few clouds
262,Hirara,JP,24.8,125.2833,62.87,72,75,17.27,broken clouds
263,Nantucket,US,41.2835,-70.0995,46.99,76,0,12.66,clear sky
264,Saint Anthony,US,45.0205,-93.218,32.95,85,100,12.66,overcast clouds
265,Cooma,AU,-36.2333,149.1333,52.88,57,96,9.84,overcast clouds
266,Gudari,IN,19.35,83.7833,64.02,98,67,1.03,broken clouds
267,Paducah,US,37.0834,-88.6001,66.61,93,100,6.91,light rain
268,Xining,CN,36.6167,101.7667,1.72,74,0,3.06,clear sky
269,Thompson,CA,55.7435,-97.8558,15.96,86,100,0.0,overcast clouds
270,Winnemucca,US,40.973,-117.7357,39.25,56,40,10.36,scattered clouds
271,Elizabeth City,US,36.2946,-76.2511,59.02,69,0,4.61,clear sky
272,Lagoa,PT,39.05,-27.9833,55.76,68,3,7.23,clear sky
273,Labuhan,ID,-6.8844,112.2051,77.14,88,100,7.96,overcast clouds
274,Longyearbyen,SJ,78.2186,15.6401,10.24,67,0,10.36,clear sky
275,Warrington,GB,53.3925,-2.5802,37.98,88,0,5.75,clear sky
276,Intipuca,SV,13.1969,-88.0544,80.76,57,0,5.91,clear sky
277,Ayan,RU,56.45,138.1667,-31.83,75,1,8.03,clear sky
278,Victor Harbor,AU,-35.5667,138.6167,61.0,61,78,15.3,broken clouds
279,Maceio,BR,-9.6658,-35.7353,76.44,94,40,5.75,scattered clouds
280,Zarnesti,RO,45.3,26.8667,46.53,86,65,3.51,broken clouds
281,Buin,CL,-33.7333,-70.75,86.43,32,0,7.74,clear sky
282,Ankazoabo,MG,-22.2833,44.5167,70.68,62,2,5.32,clear sky
283,Salamiyah,SY,35.0113,37.0532,47.68,89,1,4.59,clear sky
284,Celestun,MX,20.8667,-90.4,79.11,69,85,9.51,overcast clouds
285,San Jeronimo,PE,-11.9472,-75.2829,52.45,78,99,5.26,overcast clouds
286,Pangoa,PE,-12.1167,-73.0,71.37,96,100,2.39,moderate rain
287,Huilong,CN,31.8111,121.655,31.93,51,5,3.15,clear sky
288,Bilibino,RU,68.0546,166.4372,-35.46,98,100,1.7,overcast clouds
289,Elizabethtown,US,37.694,-85.8591,53.19,75,100,9.22,overcast clouds
290,Alice Town,BS,25.7167,-79.3,73.04,64,52,6.76,broken clouds
291,Chimoio,MZ,-19.1164,33.4833,71.46,100,75,0.54,broken clouds
292,Vinh,VN,18.6667,105.6667,56.35,83,100,4.52,overcast clouds
293,Nacala,MZ,-14.5428,40.6728,75.09,89,99,3.67,overcast clouds
294,Cidreira,BR,-30.1811,-50.2056,74.26,88,100,12.91,overcast clouds
295,Port Pirie,AU,-33.1833,138.0167,62.78,39,0,13.8,clear sky
296,Marawi,PH,7.9986,124.2928,68.68,96,99,1.61,overcast clouds
297,Scottsbluff,US,41.8666,-103.6672,33.12,86,100,14.97,light snow
298,Mayo,US,38.8876,-76.5119,51.75,65,0,5.75,clear sky
299,Kapit,MY,2.0167,112.9333,72.28,99,97,0.94,overcast clouds
300,Faya,SA,18.3851,42.4509,52.32,65,57,3.33,broken clouds
301,Oga,IT,46.4631,10.347,23.68,95,99,5.73,overcast clouds
302,Valparaiso,CL,-33.0393,-71.6273,68.23,88,0,8.05,clear sky
303,Mayumba,GA,-3.432,10.6554,77.05,87,100,5.14,light rain
304,Xiaoweizhai,CN,26.1903,107.5125,39.92,46,92,2.95,overcast clouds
305,Portland,US,45.5234,-122.6762,45.52,93,100,8.05,overcast clouds
306,Belaya Gora,RU,68.5333,146.4167,-27.47,100,99,2.48,overcast clouds
307,Pangai,TO,-19.8,-174.35,82.51,78,75,6.91,broken clouds
308,Nacogdoches,US,31.6002,-94.6335,64.04,90,100,0.0,overcast clouds
309,San Policarpo,PH,12.1791,125.5072,79.14,85,100,11.68,overcast clouds
310,Yeppoon,AU,-23.1333,150.7333,78.58,76,62,14.07,broken clouds
311,Kathmandu,NP,27.7167,85.3167,39.42,93,20,0.0,mist
312,Christchurch,NZ,-43.5333,172.6333,73.42,63,20,20.71,few clouds
313,Hereford,GB,52.0568,-2.7148,35.01,90,30,5.75,scattered clouds
314,Laguna,US,38.421,-121.4238,55.11,67,0,12.66,clear sky
315,Pontianak,ID,-0.0333,109.3333,73.38,100,75,3.44,broken clouds
316,Udachnyy,RU,66.4167,112.4,-56.29,100,78,1.88,broken clouds
317,Santa Cruz Del Sur,CU,20.7147,-77.9956,75.7,53,0,5.88,clear sky
318,Grand Gaube,MU,-20.0064,57.6608,78.39,87,100,7.0,light rain
319,Seddon,AU,-37.8068,144.8916,64.38,47,75,19.57,broken clouds
320,Chirongui,YT,-12.9319,45.1483,82.33,69,100,7.09,overcast clouds
321,Norman Wells,CA,65.282,-126.8329,-3.96,84,75,0.0,broken clouds
322,High Level,CA,58.5169,-117.136,19.51,100,75,4.61,broken clouds
323,Houma,US,29.5958,-90.7195,73.99,88,40,14.97,scattered clouds
324,Jati,PK,24.3539,68.2671,60.21,19,94,11.45,overcast clouds
325,Klaksvik,FO,62.2266,-6.589,38.32,69,95,20.24,overcast clouds
326,Richards Bay,ZA,-28.783,32.0377,78.04,76,36,13.85,scattered clouds
327,Gusau,NG,12.1628,6.6614,69.76,23,3,8.7,clear sky
328,Sovetskiy,RU,61.3614,63.5842,4.84,98,42,2.98,scattered clouds
329,Visby,SE,57.6409,18.296,31.05,100,100,2.3,overcast clouds
330,Punto Fijo,VE,11.6956,-70.1996,78.46,78,6,24.18,clear sky
331,Smoky Lake,CA,54.1169,-112.4686,16.52,100,93,1.14,overcast clouds
332,Tiksi,RU,71.6872,128.8694,-28.66,100,98,0.58,overcast clouds
333,Nkoteng,CM,4.5167,12.0333,71.89,35,100,1.1,overcast clouds
334,Luderitz,NA,-26.6481,15.1594,66.24,85,9,10.94,clear sky
335,Seinajoki,FI,62.7945,22.8282,33.24,90,100,6.91,overcast clouds
336,Esperance,AU,-33.8667,121.9,61.45,68,100,13.04,overcast clouds
337,Amahai,ID,-3.3333,128.9167,80.1,79,88,4.79,overcast clouds
338,Flin Flon,CA,54.7682,-101.865,10.24,79,20,5.75,few clouds
339,Katobu,ID,-4.9408,122.5276,77.05,90,99,1.54,overcast clouds
340,Riyadh,SA,24.6877,46.7219,46.54,58,69,10.04,broken clouds
341,Alofi,NU,-19.0595,-169.9187,85.89,74,40,10.36,scattered clouds
342,Yarmouth,US,41.7057,-70.2286,46.99,74,0,11.99,clear sky
343,Baykit,RU,61.67,96.37,-45.35,100,70,1.34,broken clouds
344,Baoning,CN,25.3378,110.026,46.26,53,100,0.0,overcast clouds
345,Kununurra,AU,-15.7667,128.7333,80.58,89,75,3.44,broken clouds
346,Saint George,US,37.1041,-113.5841,48.43,43,0,8.01,clear sky
347,Lucea,JM,18.451,-78.1736,78.66,74,13,15.23,few clouds
348,Batemans Bay,AU,-35.7167,150.1833,58.01,83,100,10.89,overcast clouds
349,Saldanha,ZA,-33.0117,17.9442,68.05,98,48,6.62,scattered clouds
350,Mount Gambier,AU,-37.8333,140.7667,60.04,48,61,11.97,broken clouds
351,Chute-Aux-Outardes,CA,49.1168,-68.399,33.78,80,100,6.91,overcast clouds
352,Coahuayana,MX,18.7333,-103.6833,77.56,57,100,5.82,overcast clouds
353,Kisangani,CD,0.5167,25.2,74.21,65,80,2.46,broken clouds
354,Jalu,LY,29.0331,21.5482,57.67,40,0,10.07,clear sky
355,Jaunjelgava,LV,56.6167,25.0833,37.85,98,100,5.77,overcast clouds
356,Namerikawa,JP,36.7667,137.3333,37.76,91,20,1.14,few clouds
357,Half Moon Bay,US,37.4636,-122.4286,58.6,73,100,3.44,overcast clouds
358,Bozeman,US,45.6796,-111.0386,32.18,71,100,4.0,overcast clouds
359,Najran,SA,17.4924,44.1277,54.25,62,10,4.07,clear sky
360,Santa Cruz Cabralia,BR,-16.2781,-39.0247,79.03,78,20,5.75,few clouds
361,Mynay,UA,48.5833,22.2833,43.59,89,88,5.19,light rain
362,Provideniya,RU,64.3833,-173.3,-11.09,58,20,6.71,few clouds
363,Eisenerz,AT,47.5333,14.8833,27.45,93,100,5.66,overcast clouds
364,Lukulu,ZM,-14.3707,23.242,64.58,97,100,5.03,light rain
365,Aktau,KZ,43.65,51.2,16.38,44,7,10.67,clear sky
366,Touros,BR,-5.1989,-35.4608,79.25,77,79,11.95,broken clouds
367,Buzmeyin,TM,38.0507,58.2056,22.73,86,2,2.3,mist
368,Ancud,CL,-41.8697,-73.8203,64.17,68,39,2.28,scattered clouds
369,Atasu,KZ,48.6814,71.6433,-1.12,84,2,7.85,clear sky
370,Malanje,AO,-9.5402,16.341,62.71,94,98,2.46,overcast clouds
371,Chifeng,CN,42.2683,118.9636,7.34,83,3,3.62,clear sky
372,Kuvshinovo,RU,57.0295,34.1725,35.47,99,100,15.73,overcast clouds
373,Belturbet,IE,54.1,-7.45,30.67,88,82,4.18,broken clouds
374,Charlestown,AU,-32.95,151.6667,71.38,95,100,7.0,light rain
375,Barra Patuca,HN,15.8,-84.2833,78.48,81,8,14.52,clear sky
376,Segovia,ES,41.1667,-4.0,32.43,93,83,7.96,light snow
377,Magistralnyy,RU,56.1725,107.4458,-28.79,98,100,2.19,overcast clouds
378,Komsomolskiy,UZ,40.4272,71.7189,16.52,79,95,4.61,mist
379,Guerrero Negro,MX,27.9769,-114.0611,60.31,52,99,12.33,overcast clouds
380,Tawang,IN,27.5833,91.8667,24.15,62,2,4.94,clear sky
381,Acarau,BR,-2.8856,-40.12,78.26,81,53,11.52,broken clouds
382,Mangrol,IN,21.1167,70.1167,65.17,41,4,8.39,clear sky
383,Bud,US,39.447,-86.1758,41.02,95,100,11.86,moderate rain
384,Yashkul,RU,46.1711,45.3435,29.52,77,5,9.51,clear sky
385,Dhidhdhoo,MV,6.8833,73.1,80.17,77,14,13.38,few clouds
386,Agara,GE,42.0376,43.8238,32.02,77,68,2.1,broken clouds
387,Machali,CL,-34.1833,-70.6667,83.48,34,0,9.22,clear sky
388,Iisalmi,FI,63.5592,27.1907,31.98,89,100,5.57,overcast clouds
389,Sayyan,YE,15.1718,44.3244,49.21,58,0,3.13,clear sky
390,Calvinia,ZA,-31.4707,19.776,68.79,48,42,4.14,scattered clouds
391,Kayasula,RU,44.325,45.0,35.6,90,38,7.96,scattered clouds
392,Buraydah,SA,26.326,43.975,45.05,54,62,6.78,broken clouds
393,Vardo,NO,70.3705,31.1107,31.98,86,100,24.16,overcast clouds
394,Colac,AU,-38.3333,143.5833,57.16,48,46,10.42,scattered clouds
395,Westport,US,41.1415,-73.3579,48.74,66,0,10.36,clear sky
396,Minot,US,48.2325,-101.2963,12.42,92,100,3.44,overcast clouds
397,Ende,ID,-8.8432,121.6623,79.11,84,97,2.04,overcast clouds
398,San-Pedro,CI,4.7485,-6.6363,79.11,87,62,5.75,broken clouds
399,Port Macquarie,AU,-31.4333,152.9167,80.89,57,93,5.66,overcast clouds
400,Lazaro Cardenas,MX,17.9583,-102.2,78.01,59,62,8.81,broken clouds
401,Pisco,PE,-13.7,-76.2167,76.01,83,92,8.05,mist
402,Kavaratti,IN,10.5669,72.642,79.99,76,23,10.8,few clouds
403,Yulara,AU,-25.2406,130.9889,77.29,39,0,18.32,clear sky
404,Viedma,AR,-40.8135,-62.9967,77.25,57,83,19.62,broken clouds
405,Sechura,PE,-5.5569,-80.8222,77.16,58,41,15.39,scattered clouds
406,Flinders,AU,-34.5833,150.8552,65.17,83,100,7.0,overcast clouds
407,San Vicente,AR,-26.6167,-54.1333,72.64,80,66,3.38,broken clouds
408,Mount Pleasant,US,32.7941,-79.8626,67.24,91,0,4.61,clear sky
409,Bambanglipuro,ID,-7.95,110.2833,75.38,88,100,2.51,overcast clouds
410,Vikulovo,RU,56.8167,70.6107,7.92,97,94,6.26,overcast clouds
411,Stornoway,GB,58.2093,-6.3865,31.96,87,20,13.8,few clouds
412,Walvis Bay,NA,-22.9575,14.5053,67.15,88,27,4.61,scattered clouds
413,Kahului,US,20.8947,-156.47,86.02,45,20,9.22,few clouds
414,Karasburg,NA,-28.0167,18.75,75.45,33,69,5.79,broken clouds
415,Hirado,JP,33.3597,129.5531,40.39,60,100,11.54,overcast clouds
416,Gornopravdinsk,RU,60.05,69.9,9.37,98,90,4.76,overcast clouds
417,Garchitorena,PH,13.8804,123.6946,75.54,94,100,14.03,overcast clouds
418,Mao,ES,39.8885,4.2658,43.36,75,20,4.61,few clouds
419,Klyuchi,RU,52.2667,79.1667,2.07,83,80,8.9,broken clouds
420,Pedernales,DO,18.0384,-71.744,75.25,69,0,6.44,clear sky
421,Bella Union,UY,-30.2752,-57.6007,91.85,27,61,9.08,light rain
422,The Valley,AI,18.217,-63.0578,77.14,83,40,3.44,scattered clouds
423,Gigmoto,PH,13.7796,124.39,75.72,95,100,13.49,overcast clouds
424,Nalut,LY,30.3333,10.85,52.47,17,0,12.3,clear sky
425,Puerto Narino,CO,-3.7703,-70.3831,75.04,95,99,0.49,overcast clouds
426,Husavik,IS,66.0449,-17.3389,24.55,73,100,10.63,overcast clouds
427,Okato,NZ,-39.2,173.8833,68.68,58,6,3.13,clear sky
428,Timra,SE,62.487,17.3257,31.68,93,100,1.14,overcast clouds
429,West Wendover,US,40.7391,-114.0733,29.53,76,13,1.74,few clouds
430,Kuching,MY,1.55,110.3333,79.03,94,20,1.99,few clouds
431,Balaipungut,ID,1.05,101.2833,71.15,98,100,1.48,overcast clouds
432,Santa Barbara,US,34.7333,-120.0343,54.0,53,0,9.22,clear sky
433,Buritizeiro,BR,-17.3511,-44.9622,72.57,85,63,1.16,broken clouds
434,Deoria,IN,26.5047,83.7872,45.05,74,0,2.55,clear sky
435,Pinega,RU,64.7001,43.3936,26.15,96,100,7.52,overcast clouds
436,Burns Lake,CA,54.2331,-125.7533,31.42,82,100,5.21,overcast clouds
437,Kokorevka,RU,52.5872,34.2778,39.43,94,100,16.02,moderate rain
438,Kloulklubed,PW,7.0419,134.2556,77.5,80,100,16.02,overcast clouds
439,Lompoc,US,34.6391,-120.4579,60.78,64,20,12.66,few clouds
440,Egvekinot,RU,66.3167,-179.1667,-19.93,91,100,3.02,overcast clouds
441,Portobelo,PA,9.55,-79.65,80.96,79,51,8.79,broken clouds
442,Muriti,TZ,-1.9833,32.9167,72.9,66,40,11.32,scattered clouds
443,Sukhumi,GE,43.0033,41.0153,50.59,52,75,5.55,broken clouds
444,Jimenez,MX,28.3333,-105.4,69.08,6,48,17.58,scattered clouds
445,Kardasova Recice,CZ,49.1848,14.8532,33.91,83,96,8.3,overcast clouds
446,Pinyug,RU,60.251,47.7842,18.57,89,58,9.31,broken clouds
447,Aquiraz,BR,-3.9014,-38.3911,81.18,81,94,10.18,overcast clouds
448,Ixtapa,MX,20.7,-105.2,78.03,53,75,10.36,broken clouds
449,Palana,RU,59.1167,159.9667,-3.33,96,99,10.96,overcast clouds
450,Nancha,CN,47.1333,129.2667,1.6,98,100,1.5,overcast clouds
451,Prince Rupert,CA,54.3161,-130.3201,40.69,92,75,17.27,light rain
452,Cam Ranh,VN,11.9214,109.1591,75.16,64,40,17.27,scattered clouds
453,Vila Velha,BR,-20.3297,-40.2925,78.94,84,75,6.91,broken clouds
454,Naron,ES,43.5167,-8.1528,51.03,75,87,9.51,overcast clouds
455,Saint-Francois,FR,46.4154,3.9054,27.84,93,75,3.44,broken clouds
456,Leshukonskoye,RU,64.8989,45.7622,22.77,95,100,7.58,overcast clouds
457,Rancho Palos Verdes,US,33.7445,-118.387,62.46,67,20,9.22,few clouds
458,Vao,NC,-22.6667,167.4833,73.69,75,85,22.75,light rain
459,Manokwari,ID,-0.8667,134.0833,77.16,79,100,3.29,overcast clouds
460,Sorong,ID,-0.8833,131.25,80.74,80,98,9.48,overcast clouds
461,Kandrian,PG,-6.2167,149.55,84.72,70,96,16.71,overcast clouds
462,Surgut,RU,61.25,73.4167,10.58,85,40,8.95,scattered clouds
463,Andenes,NO,69.3143,16.1194,31.98,69,100,12.66,overcast clouds
464,Igrim,RU,63.1906,64.4162,-0.85,99,40,3.53,scattered clouds
465,Santa Isabel,BR,-23.3156,-46.2214,72.7,96,90,4.23,overcast clouds
466,Ryotsu,JP,38.0833,138.4333,36.28,58,5,1.86,clear sky
467,Uruzgan,AF,32.8333,66.0,30.15,96,98,3.36,overcast clouds
468,Sisimiut,GL,66.9395,-53.6735,-2.99,65,97,10.4,overcast clouds
469,Haines Junction,CA,60.7522,-137.5108,17.24,98,100,0.47,overcast clouds
470,Chapais,CA,49.7834,-74.8492,22.78,91,100,11.01,overcast clouds
471,Alenquer,BR,-1.9417,-54.7383,72.21,96,100,1.66,light rain
472,Gao,ML,16.6362,1.637,67.01,14,65,10.74,broken clouds
473,Dyurtyuli,RU,55.4911,54.8688,1.58,83,47,5.41,scattered clouds
474,Goderich,CA,43.7501,-81.7165,36.91,93,100,5.75,overcast clouds
475,Talnakh,RU,69.4865,88.3972,-27.54,85,99,5.08,overcast clouds
476,Batetskiy,RU,58.6461,30.3027,36.43,99,100,10.98,overcast clouds
477,Santa Comba,ES,43.0331,-8.8093,46.67,90,63,1.77,broken clouds
478,Iwanai,JP,42.9744,140.5089,11.89,88,59,5.14,broken clouds
479,Shu,KZ,43.5983,73.7614,-0.15,95,5,4.36,clear sky
480,Amapa,BR,1.0,-52.0,71.67,99,100,1.95,moderate rain
481,Xichang,CN,27.8964,102.2634,31.21,72,0,1.59,clear sky
482,Tirumullaivasal,IN,11.2333,79.8333,72.68,70,88,6.44,overcast clouds
483,Rio Gallegos,AR,-51.6226,-69.2181,73.45,33,40,19.57,scattered clouds
484,Yenagoa,NG,4.9247,6.2642,79.66,79,18,5.23,few clouds
485,Kem,RU,64.9555,34.5793,32.56,96,100,9.22,overcast clouds
486,Koslan,RU,63.4564,48.8989,21.38,96,100,6.6,overcast clouds
487,Moron,AR,-34.6534,-58.6198,81.05,77,100,10.27,overcast clouds
488,Necochea,AR,-38.5473,-58.7368,71.64,77,98,19.91,overcast clouds
489,Tiarei,PF,-17.5333,-149.3333,82.42,72,48,15.66,scattered clouds
490,Quatre Cocos,MU,-20.2078,57.7625,78.1,88,100,16.6,moderate rain
491,Rosetta,EG,31.4044,30.4164,57.74,81,0,10.98,clear sky
492,Wanning,CN,18.8003,110.3967,59.72,85,75,8.86,broken clouds
493,Erdenet,MN,49.0333,104.0833,-18.09,100,99,3.47,overcast clouds
494,Svetlyy,RU,54.675,20.1347,37.96,80,100,11.12,overcast clouds
495,Kindu,CD,-2.95,25.95,69.75,98,95,3.02,overcast clouds
496,Karratha,AU,-20.7377,116.8463,81.52,70,65,8.21,light rain
497,Nishihara,JP,26.1842,127.7558,60.08,68,75,11.5,broken clouds
498,Sigli,ID,5.3848,95.9609,75.18,82,99,3.74,overcast clouds
499,Zlobin,HR,45.2924,14.6541,36.59,78,100,4.56,overcast clouds
500,Yar-Sale,RU,66.8333,70.8333,4.05,96,91,4.18,overcast clouds
501,Launceston,AU,-41.45,147.1667,63.16,42,4,14.97,clear sky
502,Baturaja,ID,-4.1333,104.1667,72.03,98,100,4.09,overcast clouds
503,Odweyne,SO,9.4092,45.064,65.5,28,46,11.59,scattered clouds
504,Sliven,BG,42.6858,26.3292,55.76,85,77,19.26,broken clouds
505,Woodward,US,36.4337,-99.3904,49.23,53,0,17.27,clear sky
506,Mana,GF,5.6592,-53.7767,74.88,87,36,7.67,scattered clouds
507,Beyneu,KZ,45.3167,55.2,25.57,61,4,9.51,clear sky
508,Wahpeton,US,46.2652,-96.6059,27.91,93,100,11.5,mist
509,Constitucion,CL,-35.3333,-72.4167,63.5,71,11,7.14,few clouds
510,Belmonte,BR,-15.8631,-38.8828,76.75,83,37,5.59,scattered clouds
511,Beringovskiy,RU,63.05,179.3167,-22.85,92,28,5.17,scattered clouds
512,Prainha,BR,-1.8,-53.48,72.14,97,100,1.39,overcast clouds
513,Tahoua,NE,14.8888,5.2692,71.58,18,0,6.91,clear sky
514,Teknaf,BD,20.8624,92.3058,60.71,59,32,9.89,scattered clouds
515,Puerto Baquerizo Moreno,EC,-0.9,-89.6,76.53,79,96,5.79,overcast clouds
516,Kargasok,RU,59.0556,80.8572,0.9,97,100,6.13,overcast clouds
517,Pandan,PH,14.0453,124.1694,75.61,94,100,16.98,overcast clouds
518,Makakilo City,US,21.3469,-158.0858,80.92,58,0,11.5,clear sky
519,Dauriya,RU,49.9333,116.8667,-8.01,92,99,13.09,overcast clouds
520,Port Lincoln,AU,-34.7333,135.8667,61.77,56,100,15.5,overcast clouds
521,Kadoma,JP,34.7333,135.5833,39.65,78,20,3.44,few clouds
522,Padang,ID,-0.9492,100.3543,76.19,86,100,4.14,overcast clouds
523,Krasnoselkup,RU,65.7,82.4667,-12.95,96,98,11.1,overcast clouds
524,Dicabisagan,PH,17.0818,122.4157,73.0,86,100,10.63,overcast clouds
525,Mogadishu,SO,2.0371,45.3438,76.71,82,92,19.89,overcast clouds
526,Gambo,CF,4.6482,22.2633,67.28,41,9,1.25,clear sky
527,Pringsewu,ID,-5.3582,104.9744,73.92,96,100,1.59,overcast clouds
528,Cholet,FR,47.1667,-1.0,34.84,93,46,7.45,scattered clouds
529,Freeport,US,40.6576,-73.5832,50.38,61,0,16.11,clear sky
530,Beruwala,LK,6.4788,79.9828,71.82,92,84,3.91,broken clouds
531,Lynn Haven,US,30.2455,-85.6483,70.05,84,40,8.05,scattered clouds
532,Masakin,TN,35.7292,10.5808,54.86,44,20,11.5,few clouds
533,Murray Bridge,AU,-35.1167,139.2667,61.12,45,0,14.61,clear sky
534,Ostrovnoy,RU,68.0531,39.5131,26.8,88,100,13.02,overcast clouds
535,Opuwo,NA,-18.0607,13.84,67.89,77,89,4.79,light rain
536,Novoagansk,RU,61.9449,76.6625,1.53,97,86,8.01,overcast clouds
537,Bosaso,SO,11.2842,49.1816,71.78,77,16,2.66,few clouds
538,Sherlovaya Gora,RU,50.5667,116.25,-11.2,96,100,13.0,overcast clouds
539,Roquetas De Mar,ES,36.7642,-2.6148,53.62,33,0,13.42,clear sky
540,Nabire,ID,-3.3667,135.4833,77.16,85,99,1.25,overcast clouds
541,Nelson Bay,AU,-32.7167,152.15,71.65,94,100,13.0,light rain
542,Maniitsoq,GL,65.4167,-52.9,13.64,52,100,5.82,overcast clouds
543,Yarim,YE,14.298,44.3779,47.73,57,19,4.05,few clouds
544,Carolina,PR,18.3808,-65.9574,77.97,70,40,5.75,scattered clouds
545,Cocobeach,GA,1.0002,9.5823,79.97,81,100,6.33,overcast clouds
546,San Rafael,AR,-34.6177,-68.3301,83.03,36,0,8.7,clear sky
547,Jasper,US,37.2001,-94.3502,55.99,77,0,9.22,clear sky
548,Fukue,JP,32.6881,128.8419,44.96,70,0,6.91,clear sky
549,Gazli,UZ,40.1333,63.45,18.9,68,23,4.41,few clouds
550,Wajima,JP,37.4,136.9,32.68,86,20,4.61,few clouds
551,Iracoubo,GF,5.4802,-53.2011,74.84,87,28,8.37,scattered clouds
552,Juruti,BR,-2.1522,-56.0922,71.17,97,100,2.64,overcast clouds
553,Road Town,VG,18.4167,-64.6167,78.89,78,40,5.75,scattered clouds
554,Jibuti,DJ,11.5,42.5,67.84,74,33,8.37,scattered clouds
555,Balikpapan,ID,-1.2675,116.8289,76.19,94,20,4.61,light rain
556,Tansen,NP,27.8673,83.5467,39.06,73,0,3.87,clear sky
557,Una,IN,20.8167,71.0333,63.79,32,2,8.34,clear sky
558,Bagaces,CR,10.5271,-85.2548,85.93,67,80,6.17,broken clouds
559,Plouzane,FR,48.3833,-4.6167,41.18,75,75,9.22,broken clouds
560,Jizan,SA,17.3333,42.6667,76.14,79,5,3.36,clear sky
561,Big Spring,US,32.2504,-101.4787,57.65,22,0,32.21,clear sky
562,Salinas,US,36.6777,-121.6555,57.29,63,0,5.75,clear sky
563,Promyshlennaya,RU,54.9159,85.6385,9.55,92,77,10.38,broken clouds
564,Nioro,GM,13.35,-15.75,79.2,14,0,8.3,clear sky
565,Smithers,CA,54.7804,-127.1743,39.52,48,40,2.3,scattered clouds
566,Ballina,AU,-28.8667,153.5667,78.01,66,3,8.12,clear sky
567,Liberty,US,31.8335,-81.5004,70.27,88,100,4.0,overcast clouds
568,Bucerias,MX,20.75,-105.3333,78.78,53,75,10.36,broken clouds
569,Teahupoo,PF,-17.8333,-149.2667,76.96,73,54,16.08,broken clouds
570,Xuddur,SO,4.1213,43.8894,68.23,75,97,15.79,overcast clouds
571,Los Llanos De Aridane,ES,28.6585,-17.9182,59.13,80,75,12.66,broken clouds
572,Salalah,OM,17.0151,54.0924,73.49,73,0,2.3,clear sky
573,Buta,CD,2.7858,24.73,70.54,48,40,0.74,scattered clouds
574,Pavelets,RU,53.7883,39.246,27.97,86,94,20.38,overcast clouds
575,Port Blair,IN,11.6667,92.75,69.84,88,98,0.0,mist
576,Superior,US,46.7208,-92.1041,30.96,90,100,23.02,overcast clouds
577,Ordubad,AZ,38.9059,46.0234,35.83,62,38,4.43,scattered clouds
578,Covington,US,39.0837,-84.5086,45.72,85,100,12.66,overcast clouds
579,Hofn,IS,64.2539,-15.2082,27.61,63,42,26.28,scattered clouds
580,Fougeres,FR,48.35,-1.2,35.46,93,47,6.02,light rain
581,Te Anau,NZ,-45.4167,167.7167,74.98,37,36,4.45,scattered clouds
582,Patterson,US,37.4716,-121.1297,55.78,75,100,5.91,overcast clouds
583,Zhuhai,CN,22.2769,113.5678,53.38,71,0,10.36,clear sky
584,Hobyo,SO,5.3505,48.5268,76.05,78,46,19.93,scattered clouds
585,Bima,ID,-8.4667,118.7167,79.83,86,98,0.98,overcast clouds
586,Mashhad,IR,36.297,59.6062,26.74,86,21,4.61,mist
587,Guiren,CN,33.6697,118.1889,33.08,65,78,7.52,broken clouds
588,Oktyabrskoye,RU,43.0645,44.7417,24.94,100,14,4.47,fog
589,Nipawin,CA,53.3668,-104.0009,14.04,92,100,5.75,overcast clouds
590,Rambouillet,FR,48.5833,1.9167,34.43,94,58,6.98,broken clouds
591,Jardim,BR,-21.4803,-56.1381,73.87,81,86,3.11,overcast clouds
592,Keetmanshoop,NA,-26.5833,18.1333,76.77,43,61,4.45,light rain
593,Lamar,US,33.6668,-95.5836,66.36,35,0,13.8,clear sky
594,Namibe,AO,-15.1961,12.1522,74.41,72,100,6.35,overcast clouds
595,Agadez,NE,19.75,10.25,55.98,19,40,1.61,scattered clouds
596,Yucca Valley,US,34.1142,-116.4322,53.64,34,37,8.99,scattered clouds
597,Pemba,MZ,-12.974,40.5178,79.5,89,20,4.61,light rain
598,Carmarthen,GB,51.8555,-4.3054,37.89,93,75,3.44,broken clouds
599,Brzeg Dolny,PL,51.273,16.7082,35.42,93,100,7.76,overcast clouds
600,Plainfield,US,40.6168,-74.4173,50.09,64,0,12.66,clear sky
601,Ambatondrazaka,MG,-17.8333,48.4167,66.38,86,99,10.71,light rain
602,Vila,PT,42.0304,-8.1588,29.28,95,28,1.59,scattered clouds
603,Honningsvag,NO,70.9821,25.9704,28.15,74,20,11.5,few clouds
604,Baiquan,CN,47.5833,126.0833,-11.94,98,100,7.56,overcast clouds
605,Coihaique,CL,-45.5752,-72.0662,84.81,20,0,0.0,clear sky
606,Hualmay,PE,-11.0964,-77.6139,71.4,76,76,8.95,broken clouds
607,Poum,NC,-20.2333,164.0167,80.01,70,70,13.04,broken clouds
608,Narsipatnam,IN,17.6667,82.6167,64.65,92,38,2.64,scattered clouds
609,Kuusamo,FI,65.9667,29.1833,30.24,93,100,8.05,overcast clouds
610,Kulhudhuffushi,MV,6.6221,73.07,80.82,74,23,16.87,few clouds
611,Wyndham,US,37.6985,-77.6125,51.98,76,0,0.0,clear sky
612,Harlingen,US,26.1906,-97.6961,84.29,41,40,17.27,scattered clouds
613,Vila Franca Do Campo,PT,37.7167,-25.4333,52.21,79,21,4.63,few clouds
614,Camacha,PT,33.0833,-16.3333,58.42,59,75,14.97,broken clouds
615,Kolondieba,ML,11.0882,-6.8926,73.8,14,2,5.57,clear sky
616,Carberry,CA,49.8689,-99.3602,12.43,100,93,2.64,overcast clouds
617,Rawson,AR,-43.3002,-65.1023,74.82,60,49,17.87,scattered clouds
618,Xingcheng,CN,40.6167,120.7167,23.65,49,42,4.92,scattered clouds
619,Buan,PH,5.1608,120.0426,79.43,84,68,2.3,broken clouds
620,Sioux Lookout,CA,50.1001,-91.917,14.07,85,75,4.61,broken clouds
621,Verkh-Usugli,RU,52.7,115.1667,-16.19,96,100,4.09,overcast clouds
622,Kavieng,PG,-2.5744,150.7967,84.36,70,80,9.82,broken clouds
623,Amursk,RU,50.2261,136.8994,-12.87,93,100,5.57,overcast clouds
624,Kieta,PG,-6.2167,155.6333,84.24,76,93,11.18,light rain
625,Eustis,US,28.8528,-81.6853,71.42,72,0,1.01,clear sky
626,Pacific Grove,US,36.6177,-121.9166,56.41,70,0,7.0,clear sky
627,Garissa,KE,-0.4536,39.6401,74.08,78,87,6.4,overcast clouds
628,Tezu,IN,27.9167,96.1667,51.53,27,11,4.32,few clouds
629,Wiarton,CA,44.7407,-81.1332,35.04,80,75,6.91,broken clouds
630,Mmabatho,ZA,-25.85,25.6333,70.7,53,82,7.7,broken clouds
631,Adrar,MR,20.5022,-10.0711,63.28,35,83,8.55,broken clouds
632,Moose Jaw,CA,50.4001,-105.5344,21.45,100,94,9.22,overcast clouds
633,Weymouth,US,42.2209,-70.9398,46.85,69,20,12.66,few clouds
634,Abha,SA,18.2164,42.5053,52.05,58,0,5.75,clear sky
635,Kuytun,RU,54.3419,101.5036,-39.69,100,32,1.9,scattered clouds
636,Praia,CV,14.9215,-23.5087,72.14,78,0,23.02,clear sky
637,Stephanskirchen,DE,47.8595,12.1528,33.42,85,100,3.51,light snow
638,Tateyama,JP,34.9833,139.8667,45.1,75,100,13.89,overcast clouds
639,Wageningen,NL,51.9667,5.6667,37.85,93,75,12.66,light rain
640,Rocha,UY,-34.4833,-54.3333,68.07,85,94,8.43,overcast clouds
641,Bandarbeyla,SO,9.4942,50.8122,74.39,74,15,18.34,few clouds
642,Nanyang,CN,32.9947,112.5328,35.01,53,80,4.68,broken clouds
643,Port Victoria,KE,0.0939,33.9756,69.44,76,83,6.91,light rain
644,Breznice,CZ,49.5576,13.9506,31.89,100,71,5.32,broken clouds
645,Abilene,US,32.4487,-99.7331,62.82,17,0,24.16,clear sky
646,Kaniama,CD,-7.5667,24.1833,63.14,96,56,1.99,broken clouds
647,Olafsvik,IS,64.8945,-23.7142,27.37,76,71,19.77,broken clouds
648,Harper,LR,4.375,-7.7169,79.57,82,65,7.2,broken clouds
649,Ranong,TH,9.9658,98.6348,73.33,90,70,4.38,broken clouds
650,Samana,DO,19.2056,-69.3369,75.16,75,10,7.67,clear sky
651,Kungurtug,RU,50.5994,97.5228,-22.83,96,93,1.97,overcast clouds
652,Abonnema,NG,4.7084,6.7931,80.89,79,26,5.35,scattered clouds
653,Fare,PF,-16.7,-151.0167,80.83,71,5,15.35,light rain
654,Iranshahr,IR,27.2025,60.6848,53.73,78,93,4.88,overcast clouds
655,Linxia,CN,35.6003,103.2064,8.53,81,5,2.51,clear sky
656,Riverton,US,40.5219,-111.9391,34.84,73,100,3.0,overcast clouds
657,Ghotki,PK,28.006,69.3161,57.81,23,94,13.94,overcast clouds
658,Kenai,US,60.5544,-151.2583,23.14,92,100,4.61,light snow
659,Orta Nova,IT,41.3299,15.7107,48.07,78,46,10.49,scattered clouds
660,Castellammare Del Golfo,IT,38.0188,12.8858,54.72,75,93,17.43,overcast clouds
661,Dunedin,NZ,-45.8742,170.5036,68.72,71,32,6.42,scattered clouds
662,Kerema,PG,-7.9631,145.7785,78.28,80,100,0.18,overcast clouds
663,Loandjili,CG,-4.7561,11.8578,78.01,87,94,3.02,moderate rain
664,Taoudenni,ML,22.6783,-3.9836,67.57,26,100,9.44,overcast clouds
665,Orje,NO,59.4802,11.6602,31.35,97,100,7.58,light snow
666,Ormara,PK,25.2088,64.6357,67.87,56,91,4.61,overcast clouds
667,Kropotkin,RU,45.4375,40.5756,37.69,67,95,7.87,overcast clouds
668,Belaya,UA,49.029,25.7706,41.92,70,65,6.24,broken clouds
669,Ladario,BR,-19.0047,-57.6017,78.53,74,75,2.89,broken clouds
670,Whitehorse,CA,60.7161,-135.0538,23.77,80,75,14.97,broken clouds
671,Waingapu,ID,-9.6567,120.2641,80.96,74,100,4.65,overcast clouds
672,Manono,CD,-7.3,27.4167,65.66,97,90,1.83,overcast clouds
673,Peniche,PT,39.3558,-9.3811,49.1,86,72,19.91,broken clouds
674,Nushki,PK,29.5542,66.0215,43.34,87,100,5.39,overcast clouds
675,Falmouth,GB,50.1544,-5.0711,43.7,70,75,11.5,broken clouds
676,Batagay-Alyta,RU,67.8006,130.4114,-32.76,93,92,5.14,overcast clouds
677,Soligalich,RU,59.0778,42.2864,24.15,88,97,12.19,overcast clouds
678,Rio Do Sul,BR,-27.2142,-49.6431,70.02,99,100,3.49,overcast clouds
679,Lodeynoye Pole,RU,60.726,33.5531,34.57,99,100,10.92,light snow
680,Korla,CN,41.7597,86.1469,5.45,84,20,1.12,few clouds
681,Ugoofaaru,MV,5.6667,73.0,81.39,72,82,20.11,broken clouds
682,Itarema,BR,-2.9248,-39.9167,78.49,80,62,10.25,broken clouds
683,Palu,ID,-0.8917,119.8707,78.04,90,83,3.0,broken clouds
684,Salina,US,38.8403,-97.6114,39.33,96,100,5.75,mist
685,Mitsamiouli,KM,-11.3847,43.2844,80.71,76,98,5.84,overcast clouds
686,Zubtsov,RU,56.1753,34.5894,36.5,94,100,20.85,overcast clouds
687,Shellbrook,CA,53.2168,-106.4011,13.23,97,99,3.58,overcast clouds
688,Nizwa,OM,22.9333,57.5333,62.69,77,45,2.42,scattered clouds
689,Asau,RO,46.4333,26.4,43.29,82,31,3.62,scattered clouds
690,Paracuru,BR,-3.41,-39.0306,81.1,82,92,9.84,overcast clouds
691,Vangaindrano,MG,-23.35,47.6,74.61,88,49,5.5,light rain
692,Jinchang,CN,38.4953,102.1739,14.07,40,1,5.79,clear sky
693,Qasigiannguit,GL,68.8193,-51.1922,-30.89,66,0,4.32,clear sky
694,Constantine,DZ,36.365,6.6147,40.41,70,75,13.8,light rain
695,Rundu,NA,-17.9333,19.7667,66.52,92,100,1.54,light rain
696,Rio Bueno,CL,-40.3167,-72.9667,78.94,45,69,4.43,broken clouds
697,Venice,US,27.0998,-82.4543,72.99,77,75,8.01,broken clouds
698,Suslovo,RU,56.2167,88.1167,6.87,88,100,10.83,overcast clouds
699,Bunol,ES,39.4167,-0.7833,44.82,33,2,15.99,clear sky
700,Isfana,KG,39.8386,69.5306,10.96,55,100,6.31,overcast clouds
701,Grand-Lahou,CI,5.1367,-5.0242,79.23,88,3,7.9,clear sky
702,Okhotsk,RU,59.3833,143.3,-14.8,79,100,8.43,overcast clouds
703,Luanda,AO,-8.8368,13.2343,78.01,82,100,9.26,overcast clouds
